characters-href,Image-src,name,Nationality,Ethnicity,Age,Born,Died,Eye color,Hair color,Skin color,Gender,Love interest,Allies,Enemies,Weapon of choice,Fighting styles,Profession,Position,Predecessor,Successor,Affiliation,First appearance,Last appearance,Voiced by
"https://avatar.fandom.com/wiki/Zimo","","Zimo","Fire Nation Capital, Fire Nation","Fire Nation","","","","","","","Woman","","Xinyi","Fire Nation military","Fire","","Soldier (formerly)","Royal Fire Academy for Girls (formerly)","","","Fire Nation military (formerly)","Adventure Booklet 3: Ash & Steel (only appearance)","",""
"https://avatar.fandom.com/wiki/Zianda","","Zianda","Fire Nation","Fire Nation","","","","","","","Man","","Sozin","Zeisan","Fire","","Minister","Firebending master","","","","An Urgent Request (only appearance)","",""
"https://avatar.fandom.com/wiki/Zhao","https://static.wikia.nocookie.net/avatar/images/e/e1/Commander_Zhao.png/revision/latest?cb=20140103180854","Zhao","Fire Nation","Fire Nation","","","","Amber","Gray (dark brown in youth)","Light","Man","","Ozai","Team Avatar","Fire","","Military official","Admiral[3] (formerly)","","","","""The Southern Air Temple""","","Jason Isaacs"
"https://avatar.fandom.com/wiki/Zeisan","https://static.wikia.nocookie.net/avatar/images/0/0f/Zeisan.png/revision/latest?cb=20230329214633","Zeisan","Fire Nation Capital, Fire Nation","Fire Nation","","","","Amber","Black","Light","Woman","Rioshon (romantic interest)Khandro (fiancé)","Zeebee","Sozin","","","","","","","Fire Nation Royal Family (formerly)","Avatar Legends: The Roleplaying Game - Core Book","",""
"https://avatar.fandom.com/wiki/Yuzhen_Sr.","","Yuzhen Sr.","Fire Nation colonies","","Old (in c. 102 AG)","","","","","","Man","","Sparrowkeet Air","Qian Yu","","","Businessman","","","","","Adventure Booklet 4: Air & Wind (only appearance)","",""
"https://avatar.fandom.com/wiki/Yuzhen_Jr.","","Yuzhen Jr.","Fire Nation colonies","","","","","","","","Man","","Sparrowkeet Air","","","","Businessman","","","","","Adventure Booklet 4: Air & Wind (only appearance)","",""
"https://avatar.fandom.com/wiki/Yun%27s_impostor","","Yun's impostor","Hanno'wu, Fire Nation","Fire Nation","","","","Golden[1]","Brown[2]","Light[3]","Man","His wife","Fire Lord","","","","","","","","","""Shapes of Life and Death"" (only appearance)","",""
"https://avatar.fandom.com/wiki/Yon_Rha%27s_mother","https://static.wikia.nocookie.net/avatar/images/d/db/Yon_Rha%27s_mother.png/revision/latest?cb=20220326112803","Yon Rha's mother","Fire Nation","Fire Nation","","","","","White","","Woman","","","","","","","","","","","""The Southern Raiders"" (only appearance)","","Bonnie McNeil"
"https://avatar.fandom.com/wiki/Yon_Rha","https://static.wikia.nocookie.net/avatar/images/9/94/Yon_Rha.png/revision/latest?cb=20081225191900","Yon Rha","Fire Nation","Fire Nation","","","","Dark brown","Gray (formerly black)","","Man","","Southern Raiders","Kya","Fire","","Southern Raider (retired)","","","Southern Raiders commander","Southern Raiders (formerly)","""The Southern Raiders"" (only appearance)","","Tim Dang"
"https://avatar.fandom.com/wiki/Yinzin","","Yinzin","Dizin Island, Fire Nation","Fire Nation","","","","","","","Man","","","","Smoke bombs","","Historian","","","","","Avatar Legends: The Roleplaying Game - Quickstart (only appearance)","",""
"https://avatar.fandom.com/wiki/Yim","https://static.wikia.nocookie.net/avatar/images/d/d5/Yim.png/revision/latest?cb=20221202023029","Yim","Fire Nation","Fire Nation","","","","","Gray","","Man","","Korra","","Fire","","Firebending master","","Zuko (as the Avatar's firebending master)","","","""Welcome to Republic City""","",""
"https://avatar.fandom.com/wiki/Yeh-Lu","https://static.wikia.nocookie.net/avatar/images/f/fe/Yeh-Lu.png/revision/latest?cb=20140407161003","Yeh-Lu","Fire Nation","Fire Nation","","","","","","","Man","","Rough Rhinos","Team Avatar","Explosives","","MercenarySoldier (formerly)","","","","Fire Nation military (formerly)","""Avatar Day""","",""
"https://avatar.fandom.com/wiki/Yao_(vendor)","https://static.wikia.nocookie.net/avatar/images/c/c7/Mr._Yao.png/revision/latest?cb=20140903134858","","Hama's village, Fire Nation","Fire Nation","","","","","Bald","","Man","","","","","","Merchant","","","","","""The Puppetmaster"" (only appearance)","",""
"https://avatar.fandom.com/wiki/Xiaoyun","","Xiaoyun","","Fire Nation","","","Year 17 of the era of Yangchen[1]","Golden","","","Man","","Zongdu","Avatar","Fire","","","","","","","""Last Chances""","",""
"https://avatar.fandom.com/wiki/Xaipan","","Xaipan","Fire Nation Capital, Fire Nation","Earth Kingdom","","","","","","","Woman","","Gong","","","","","","","","","Avatar Legends: The Roleplaying Game - Quickstart (only appearance)","",""
"https://avatar.fandom.com/wiki/Wenli","","Wenli","Fire Nation Capital, Fire Nation","Fire Nation","","","","","","","Woman","","Sunlin","Bai","Fire","","","","","","","Avatar Legends: The Roleplaying Game - Quickstart (only appearance)","",""
"https://avatar.fandom.com/wiki/Weapons_store_shopkeeper","https://static.wikia.nocookie.net/avatar/images/2/23/Weapons_store_shopkeeper.png/revision/latest?cb=20140905235446","Weapons store shopkeeper","Shu Jing, Fire Nation","Fire Nation","","","","","Gray","","Man","","Piandao","","Jian sword","","Shopkeeper","","","","","""Sokka's Master"" (only appearance)","","Greg Baldwin"
"https://avatar.fandom.com/wiki/Warden_(prison_rig)","https://static.wikia.nocookie.net/avatar/images/a/a5/Warden.png/revision/latest?cb=20140108104427","","Fire Nation","Fire Nation","","","","Bronze[2]","Dark gray","Light","Man","","Goro","Haru","Fire","","Warden","","","","","""Imprisoned""","","George Takei"
"https://avatar.fandom.com/wiki/Warden_(Boiling_Rock)","https://static.wikia.nocookie.net/avatar/images/0/0f/Boiling_Rock_warden.png/revision/latest?cb=20220328163908","","Fire Nation","Fire Nation","","","","Brown","Brown","","Man","","his bodyguards","Chit Sang","","","Warden","Fire Nation","","","Boiling Rock","""The Boiling Rock, Part 1""","","Wade Williams"
"https://avatar.fandom.com/wiki/Vachir","https://static.wikia.nocookie.net/avatar/images/a/ad/Vachir.png/revision/latest?cb=20140407161002","Vachir","Eastern Fire Nation","Fire Nation","","","","","Brown","","Man","","Rough Rhinos","Team Avatar","Bow and flaming arrows","","Soldier for hire","Yuyan Archers (resigned)","","","Fire Nation military (formerly)","""Avatar Day""","",""
"https://avatar.fandom.com/wiki/Uzuku_Yuyan","","Uzuku Yuyan","Fire Nation","Fire Nation","","","","","","","Woman","","","","Bow","","","","","","","Avatar Legends: The Roleplaying Game - Core Book (only appearance)","",""
"https://avatar.fandom.com/wiki/Utor","https://static.wikia.nocookie.net/avatar/images/1/11/Utor.png/revision/latest?cb=20141228113235","Utor","Fire Nation","Fire Nation[2]","","","","","Black","","Male","","Rough Rhinos","Team Avatar","Stick","","MercenarySoldier (formerly)","","","","Fire Army (formerly)","The Rift Part Two (only appearance)","",""
"https://avatar.fandom.com/wiki/Ursa","https://static.wikia.nocookie.net/avatar/images/a/a6/Ursa.png/revision/latest?cb=20140331143655","Ursa","Hira'a, Fire Nation","Fire Nation","Late 30s or early 40s in The Search[nb 1]","c. 64 AG","","Gold","Dark brown","Light","Woman","Noren (husband)Ozai (separated husband)","Mother of Faces","Azulon","","","Master herbalistTheater actress (formerly)","Hira'a Acting Troupe (formerly)","","","Fire Nation","""Zuko Alone"" (flashback only)","Smoke and Shadow Part Three","Jen Cohn"
"https://avatar.fandom.com/wiki/Unnamed_Fire_Nation_boy","https://static.wikia.nocookie.net/avatar/images/2/28/Unnamed_Fire_Nation_boy.png/revision/latest?cb=20130705155948","Unnamed Fire Nation boy","Fire Nation","","","","","","Brown","","Man","","Appa","","","","","","","","","""Appa's Lost Days"" (only appearance)","","Zach Tyler Eisen"
"https://avatar.fandom.com/wiki/Ukano","https://static.wikia.nocookie.net/avatar/images/e/ee/Ukano.png/revision/latest?cb=20130706145902","Ukano","Fire Nation","Fire Nation","","","","Tawny","Gray","Light","Man","Michi (wife; estranged)[2]","Ozai","Earth Kingdom","","","Government official (formerly)Rebel leader (formerly; incarcerated)","Co-leader of Safe Nation Society (formerly)","","","Fire Nation","""Return to Omashu""","Smoke and Shadow Part Three","Paul Eiding"
"https://avatar.fandom.com/wiki/Ty_Lee","https://static.wikia.nocookie.net/avatar/images/6/6d/Ty_Lee.png/revision/latest?cb=20140905083814","Ty Lee","Fire Nation","Fire Nation","","","","Brown-gray","Brown","Light","Woman","Sokka (formerly)[2]","Mai","Azula","","","Chi-blocking instructorCircus acrobat (formerly)Kyoshi Warrior","Kyoshi Warrior","","","Azula's team (formerly)","""Return to Omashu""","","Olivia Hack"
"https://avatar.fandom.com/wiki/Town_authority","https://static.wikia.nocookie.net/avatar/images/8/81/Town_authority.png/revision/latest?cb=20180616203927","Town authority","Fire Fountain City, Fire Nation","Fire Nation","","","","","Gray","","Man","","Combustion Man","Katara","","","Mayor of Fire Fountain City","","","","","""The Runaway"" (only appearance)","",""
"https://avatar.fandom.com/wiki/Tough_criminal","https://static.wikia.nocookie.net/avatar/images/5/55/Tough_criminal.png/revision/latest/scale-to-width-down/350?cb=20110614130934","Tough criminal","Fire Nation","","","","","","Black (shaven)","","Man","","","warden","","","Criminal","","","","","""The Boiling Rock, Part 2"" (only appearance)","",""
"https://avatar.fandom.com/wiki/Tom-Tom","https://static.wikia.nocookie.net/avatar/images/4/4a/Tom-Tom_tearful.png/revision/latest/scale-to-width-down/350?cb=20220320160427","Tom-Tom","Fire Nation","","2 in Avatar: The Last Airbender3-4 in ""Rebound""5 in Smoke and Shadow","98 AG","","Gray","Black","","Man","","Team Avatar","Fire Warriors","","","","5 in Smoke and Shadow","","","","""Return to Omashu""","Smoke and Shadow Part Three","Tara Strong"
"https://avatar.fandom.com/wiki/Tiger-Monkey","","Tiger-Monkey","Fire Nation","Fire Nation","","","","","","","Man","","","","Fire","","Spy","","","","","An Urgent Request (only appearance)","",""
"https://avatar.fandom.com/wiki/Thapa","","Thapa","","Fire Nation","","","","Golden","","","Man","","Zongdu","Avatar","Fire","","","","","","","""Last Chances""","",""
"https://avatar.fandom.com/wiki/Tengfei","","Tengfei","Fire Nation","Fire Nation","","","","","","","Woman","","","","","","PirateSoldier (formerly)","","","","Crimson Sails Armada","Adventure Booklet: The Pirates of Crimson Sails (only appearance)","",""
"https://avatar.fandom.com/wiki/Tax_collector","https://static.wikia.nocookie.net/avatar/images/6/6b/Tax_collector.png/revision/latest?cb=20140108094902","Tax collector","Fire Nation","Fire Nation","","","","","Brown","","Man","","","Haru","Fire","","","","","","","""Imprisoned"" (only appearance)","","Kevin Michael Richardson"
"https://avatar.fandom.com/wiki/Tan","","Tan","Fire Nation","Fire Nation","Old (in 293 BG)","","","","","","Man","","Quin","","Fire","","Soldier","","","","","Adventure Booklet 1: Earth & Root (only appearance)","",""
"https://avatar.fandom.com/wiki/Ta_Min","https://static.wikia.nocookie.net/avatar/images/d/df/Ta_Min_concerned.png/revision/latest?cb=20081225190745","Ta Min","Fire Nation Capital, Fire Nation","Fire Nation","","","","Gray","Brown","","Woman","Roku (husband)","","","","","","","","","","""The Avatar and the Fire Lord""  (flashback only) (only appearance)","","Grey DeLisle"
"https://avatar.fandom.com/wiki/Szeto","https://static.wikia.nocookie.net/avatar/images/9/92/Szeto.png/revision/latest?cb=20200721012517","Szeto","Fire Nation","Fire Nation","","","","Dark brown[2]","Black[2]","Light","Man","","Fire Lord","","The elements","","AvatarPublic official","Minister in the Fire Nation royal court","Unidentified male Earth Avatar (as the Avatar)","Yangchen (as the Avatar)","","""The Avatar State"" (vision)","",""
"https://avatar.fandom.com/wiki/Sunlin","","Sunlin","Fire Nation Capital, Fire Nation","Fire Nation","","","","","","","Non-binary","","Wenli","","Dual throwing clubs","","Criminal","","","","","Avatar Legends: The Roleplaying Game - Quickstart (only appearance)","",""
"https://avatar.fandom.com/wiki/Sung_(constable)","https://static.wikia.nocookie.net/avatar/images/8/8f/Constable_Sung.png/revision/latest?cb=20160101212337","","Fire Nation","Fire Nation","","","","Tawny gold","Gray","","Man","His wife","Guri","Fire Warriors","","","Fire Nation constable","","","","Domestic Forces","Smoke and Shadow Part Two","Smoke and Shadow Part Three",""
"https://avatar.fandom.com/wiki/Sun_Po","","Sun Po","Fire Nation Capital, Fire Nation","Fire Nation","Late 40's (in 95 AG)[1]","46 - 49 AG","","","","","Woman","","Niuan","Liva","","","Merchant","","","","","Avatar Legends: The Roleplaying Game - Quickstart (only appearance)","",""
"https://avatar.fandom.com/wiki/Sulan","","Sulan","Shuhon Island, Fire Nation","Fire Nation","","","","","","","Woman","Chaeryu (husband)","Keohso clan","","","","","Keohso clan","","","Fire Nation","""Ancient History"" (mentioned only)","",""
"https://avatar.fandom.com/wiki/Sozin%27s_father","https://static.wikia.nocookie.net/avatar/images/1/13/Sozin%27s_father_painting.png/revision/latest?cb=20201029231424","Sozin's father","Fire Nation","Fire Nation","","","58 BG","","Black","","Man","","Fire Sages","","Fire","","","","His father, eventually Zoryu
(as Fire Lord)","Sozin (as Fire Lord)","Fire Nation","""The Avatar and the Fire Lord"" (portrait) (only appearance)","",""
"https://avatar.fandom.com/wiki/Sozin%27s_dragon","https://static.wikia.nocookie.net/avatar/images/a/a5/Sozin%27s_dragon.png/revision/latest?cb=20121030112116","Sozin's dragon","Fire Nation","","","","","","","Blue","Male","","Sozin","Roku","Fire, teeth, claws","","","","","","","""The Avatar and the Fire Lord"" (flashback only) (only appearance)","",""
"https://avatar.fandom.com/wiki/Sozin","https://static.wikia.nocookie.net/avatar/images/a/aa/Old_Sozin.png/revision/latest?cb=20220323100904","Sozin","Fire Nation Capital, Fire Nation","Fire Nation","102 at death[2]","82 BG","20 AG","Gold","White (black in youth)","","Man","","his dragon","Guiding Wind","Fire","","","Firebending master","His father (as Fire Lord)","Azulon (as Fire Lord)","Fire Nation","""The Avatar and the Fire Lord"" (flashback only)","","Ron Perlman (elderly Sozin)Lex Lang (adult Sozin)Sean Marquette (teen Sozin)"
"https://avatar.fandom.com/wiki/Southern_Raiders_commander","https://static.wikia.nocookie.net/avatar/images/f/fa/Southern_Raiders_commander_is_shocked.png/revision/latest?cb=20130117130318","Southern Raiders commander","Fire Nation","","","","","Dark brown","Black","Light","Man","","Southern Raiders","Katara","Fire","","Commander","","Yon Rha","","","""The Southern Raiders"" (only appearance)","",""
"https://avatar.fandom.com/wiki/Shyu","https://static.wikia.nocookie.net/avatar/images/c/c9/Shyu.png/revision/latest?cb=20130622211349","Shyu","Fire Nation","Fire Nation","60 in Avatar: The Last Airbender[2]63 in the Smoke and Shadow trilogy[3]","39 AG","","","White (brown in youth)","","Man","","Team Avatar","Ozai","Fire","","Fire Sage","","His predecessor (as Great Sage)","","","""Winter Solstice, Part 2: Avatar Roku""","","Michael Yama"
"https://avatar.fandom.com/wiki/Shuzumu","https://static.wikia.nocookie.net/avatar/images/9/9e/Shuzumu.png/revision/latest?cb=20130706153819","Shuzumu","Fire Nation","Fire Nation","","","","Light brown","White","Tan","Man","","Ty Lee","Appa","Fire","","Circus master","","","","","""Return to Omashu""","","Robin Atkin Downes"
"https://avatar.fandom.com/wiki/Shoji","https://static.wikia.nocookie.net/avatar/images/d/d0/School_clothes.png/revision/latest?cb=20140602125811","Shoji","Fire Nation","","","","","Olive green","Brown","","Man","","Aang","Hide","","","Student","","","","","""The Headband"" (only appearance)","","Noah Luke"
"https://avatar.fandom.com/wiki/Sho","https://static.wikia.nocookie.net/avatar/images/0/0e/Sho.png/revision/latest/scale-to-width-down/350?cb=20200422170226","Sho","Fire Nation","","","","","","Brown","","Woman","","Team Avatar","Combustion Man","","","","","","","","""Combustion Man on a Train"" (only appearance)","",""
"https://avatar.fandom.com/wiki/Shinu","https://static.wikia.nocookie.net/avatar/images/d/d6/Shinu.png/revision/latest?cb=20130413140104","Shinu","Fire Nation","Fire Nation","","","","","Brown","","Man","","Yuyan Archers","Earth Kingdom","","","Author[2]Military officer","","","","","""The Blue Spirit""","","Nick Jameson"
"https://avatar.fandom.com/wiki/Shaman","https://static.wikia.nocookie.net/avatar/images/5/56/Shaman.png/revision/latest?cb=20140524144942","Shaman","","Bhanti[2]","","","","","Gray","","Woman","","Karu","","Fire","","","","","","","""Beginnings, Part 1""","","Barbara Goodson"
"https://avatar.fandom.com/wiki/Seijir","https://static.wikia.nocookie.net/avatar/images/e/e0/Seijir.png/revision/latest?cb=20210617003708","Seijir","Fire Nation","Fire Nation","","","","Gray","Black","Pale","Man","","Rough Rhinos","Team Avatar","Kusarigama, knives","","Soldier for hire","","","","","The Rift Part Two (only appearance)","",""
"https://avatar.fandom.com/wiki/Scout","https://static.wikia.nocookie.net/avatar/images/c/c9/Fire_Nation_scout.png/revision/latest?cb=20221223151752","Scout","Fire Nation","Fire Nation","","","","","","","Man","","Fire Nation military","Pirates","Fire","","Soldier","","","","Fire Nation","Avatar: Generations (only appearance)","",""
"https://avatar.fandom.com/wiki/Satoru","https://static.wikia.nocookie.net/avatar/images/7/78/Satoru.png/revision/latest?cb=20140413162156","Satoru","Fire Nation","Fire Nation","","","","Gray","Brown","","Man","Toph Beifong (formerly)[1]","Loban","","","","Engineer","Executive Partner at Earthen Fire Industries[2]","","","","The Rift Part One","",""
"https://avatar.fandom.com/wiki/Sanshur_Keohso","","Sanshur Keohso","North Chung-Ling, Fire Nation","Fire Nation","","","","","","","Man","","Keohso clan","Huazo","","","Cotton vendor","","","","Fire Nation","""The Fire Sage""","",""
"https://avatar.fandom.com/wiki/San_(vendor)","https://static.wikia.nocookie.net/avatar/images/7/7d/San.png/revision/latest?cb=20140628095803","","Fire Nation","Fire Nation","","","","","Black","","Man","","Jojan","Suki","Fire","","Collectible shell shop owner","","","","","""Shells"" (only appearance)","",""
"https://avatar.fandom.com/wiki/Ruon-Jian","https://static.wikia.nocookie.net/avatar/images/3/37/Ruon-Jian.png/revision/latest?cb=20140908142128","Ruon-Jian","Ember Island, Fire Nation","Fire Nation","","","","","Brown","","Man","","Chan","Azula","","","","","","","","""The Beach"" (only appearance)","","Ross Thomas"
"https://avatar.fandom.com/wiki/Rose","","Rose","Fire Nation colonies","Earth Kingdom, Fire Nation","Teenager (in c. 102 AG)","","","","","","Woman","Hua (girlfriend)","","","","","Philosophy student","","","","","Avatar Legends: The Roleplaying Game - Core Book (only appearance)","",""
"https://avatar.fandom.com/wiki/Roku","https://static.wikia.nocookie.net/avatar/images/f/f6/Roku.png/revision/latest?cb=20220323130414","Roku","Fire Nation Capital, Fire Nation","Fire Nation","70 at death","82 BG","12 BG","Amber brown","White (black in youth)","Light","Man","Ta Min (wife)","Fang","Sozin","The elements","(Northern style)","Avatar","","Kyoshi (as the Avatar)","Aang (as the Avatar)","","""Winter Solstice, Part 2: Avatar Roku""","","James GarrettAndrew Caldwell (young Roku)"
"https://avatar.fandom.com/wiki/Rini","","Rini","Fire Nation Capital, Fire Nation","Fire Nation","14 (in 95 AG)","81 AG","","","","","Woman","","Fire Finches","Domestic Forces","Fire","","Criminal","","","","","Avatar Legends: The Roleplaying Game - Quickstart (only appearance)","",""
"https://avatar.fandom.com/wiki/Rangi","https://static.wikia.nocookie.net/avatar/images/e/ef/Rangi.png/revision/latest/scale-to-width-down/350?cb=20221113124211","Rangi","Fire Nation","Fire Nation","16 in The Rise of Kyoshi[2]17 in The Shadow of Kyoshi[3]19 in Adventure Booklet 1: Earth & Root[4]","312 BG","","Dark bronze[7]","Pitch-black[7]","Light[7]","Woman","Kyoshi (girlfriend)","Flying Opera Company","Yun","Fire, sword[8]","","Firebending instructor to Avatar KyoshiSoldier","19 in Adventure Booklet 1: Earth & Root[4]","Hei-Ran (as the Avatar's firebending master)","Unknown, eventually Jeong Jeong (as the Avatar's firebending master)","Yun's party (formerly)","""Nine Years Later""","",""
"https://avatar.fandom.com/wiki/Ran_and_Shaw","https://static.wikia.nocookie.net/avatar/images/6/62/Ran_and_Shaw.png/revision/latest?cb=20140901163755","Ran and Shaw","Fire Nation","","","","","","","","","","Iroh","","Claws, teeth, fire","","Firebending instructors","","","","","""The Firebending Masters"" (only appearance)","",""
"https://avatar.fandom.com/wiki/Quin","","Quin","Fire Nation","Fire Nation","","","","","","","Woman","","","","Fire","","Diplomat","","","","","Adventure Booklet 1: Earth & Root (only appearance)","",""
"https://avatar.fandom.com/wiki/Qin","https://static.wikia.nocookie.net/avatar/images/d/d4/Qin.png/revision/latest?cb=20140118125456","Qin","Fire Nation","Fire Nation","","","","Amber brown","Gray","Light","Man","","Fire Lord","Team Avatar","","","Government official","","","","","""The Northern Air Temple""","","Kristoffer Tabori"
"https://avatar.fandom.com/wiki/Qin_Lee","https://static.wikia.nocookie.net/avatar/images/0/04/Qin_Lee.png/revision/latest?cb=20130111102546","Qin Lee","Fire Nation","","","","","","Black","","Man","","Fire Nation Air Force","Team Avatar","Fire","","Soldier","","","","Fire Nation Air Force","""Sozin's Comet, Part 3: Into the Inferno"" (only appearance)","","Michael Dante DiMartino[1]"
"https://avatar.fandom.com/wiki/Qacha","","Qacha","","Bhanti","","","","","","","Woman","","Thi","","Broadsword","","","","","","","Movers & Shakers (only appearance)","",""
"https://avatar.fandom.com/wiki/Prison_rig_captain","https://static.wikia.nocookie.net/avatar/images/3/31/Prison_rig_captain.png/revision/latest?cb=20160201201746","Prison rig captain","Fire Nation","","","","","Brown","Brown","Light","Man","","","","","","Soldier","","","","","""Imprisoned"" (only appearance)","",""
"https://avatar.fandom.com/wiki/Poon","https://static.wikia.nocookie.net/avatar/images/e/e5/Warden_Poon.png/revision/latest?cb=20130123150230","Poon","Fire Nation Capital, Fire Nation","Fire Nation","","","","","Brown","","Man","","Ming","Iroh","","","Military official","","","","Capital City Prison","""Sokka's Master""","","Wayne Duvall"
"https://avatar.fandom.com/wiki/Pirate_captain","https://static.wikia.nocookie.net/avatar/images/4/46/Pirate_captain.png/revision/latest?cb=20140112195500","Pirate captain","","","","","","","Gray","","Man","","iguana parrot","Team Avatar","Jian","","Pirate","","","","","""The Waterbending Scroll""","","Jack Angel"
"https://avatar.fandom.com/wiki/Piandao","https://static.wikia.nocookie.net/avatar/images/e/e1/Piandao.png/revision/latest?cb=20140905225031","Piandao","Fire Nation","Fire Nation","","","","Gray","Black","Brown","Man","","Fat","Fire Nation military","Jian (straight sword)","","Soldier (formerly)Sword instructorSwordsmith","Swordsmith","","","Fire Army (deserted)","""Sokka's Master""","","Robert Patrick"
"https://avatar.fandom.com/wiki/Ozai","https://static.wikia.nocookie.net/avatar/images/4/4a/Ozai.png/revision/latest?cb=20130612170743","Ozai","Fire Nation Capital, Fire Nation","Fire Nation","40s in Avatar: The Last Airbender[nb 1]","c. 55 AG","","Amber gold","Black","Light","Man","Ursa (wife; separated)","His loyalists","Team Avatar","Fire (formerly), lightning (formerly)","(formerly)","","Firebending master (formerly)","Azulon (as Fire Lord)","Zuko (as Fire Lord)","Fire Nation","""Winter Solstice, Part 2: Avatar Roku"" (silhouette)","Smoke and Shadow Part Three","Mark Hamill"
"https://avatar.fandom.com/wiki/Overconfident_Fire_Nation_soldier","https://static.wikia.nocookie.net/avatar/images/2/24/Overconfident_Fire_Nation_soldier.png/revision/latest?cb=20201013210549","Overconfident Fire Nation soldier","Fire Nation","Fire Nation","","","","Gold","Black","Olive","Man","","Fire Nation military","Team Avatar","Fire","","Soldier","","","","Fire Nation","Katara and the Pirate's Silver (only appearance)","",""
"https://avatar.fandom.com/wiki/Oraso_Eiko","","Oraso Eiko","Fire Nation","Fire Nation","","","","","","","Woman","","","","","","Military official","","","","Fire Nation","Avatar Legends: The Roleplaying Game - Core Book (only appearance)","",""
"https://avatar.fandom.com/wiki/Onomu","","Onomu","Fire Nation","Fire Nation","","","","","","","Woman","","Long Feng","Ozai","Fire","","Soldier (formerly)","","","","","Adventure Booklet 3: Ash & Steel (only appearance)","",""
"https://avatar.fandom.com/wiki/On_Ji","https://static.wikia.nocookie.net/avatar/images/9/9a/On_Ji.png/revision/latest?cb=20140602125810","On Ji","Fire Nation","","","","","","Brown","Light","Woman","","Aang","","","","Student","","","","","""The Headband"" (only appearance)","","Tinashe Kachingwe"
"https://avatar.fandom.com/wiki/Old_Fire_Nation_civilian","https://static.wikia.nocookie.net/avatar/images/2/2a/Old_Fire_Nation_civilian.png/revision/latest?cb=20130706005936","Old Fire Nation civilian","Gaipan, Fire Nation","Fire Nation","","","","Gray","Bald (formerly brown)","","Man","","Sokka","Jet","","","","","","","","""Jet"" (only appearance)","","Jim Meskimen"
"https://avatar.fandom.com/wiki/Ogodei","https://static.wikia.nocookie.net/avatar/images/b/ba/Ogodei.png/revision/latest?cb=20140407160127","Ogodei","Fire Nation","","","","","","Black","","Man","","Rough Rhinos","Team Avatar","Meteor hammer or bolo","","MercenarySoldier (formerly)","","","","Fire Nation military (formerly)","""Avatar Day""","",""
"https://avatar.fandom.com/wiki/Nyn_Chei","","Nyn Chei","Fire Nation","Fire Nation","","","","","","","Woman","Massak (ex-lover)","","","","","Inventor","","","","","Avatar Legends: The Roleplaying Game - Core Book (only appearance)","",""
"https://avatar.fandom.com/wiki/Nyahitha","","Nyahitha","Fire Nation","Bhanti","","","","","","","Man","","Kuruk","Father Glowworm","Fire","","Fire SageFortuneteller","Fire Sages","","","Bhanti (formerly)","""The Fire Sage""","",""
"https://avatar.fandom.com/wiki/Noren","https://static.wikia.nocookie.net/avatar/images/6/61/Noren.png/revision/latest?cb=20210330150813","Noren","Hira'a, Fire Nation","Fire Nation","","","","Gold","Brown","Tan","Man","Ursa (wife)","Team Avatar","Ozai","Dual wooden swords, spear","","Actor (formerly)Director","","","","Fire Nation","The Search Part One (flashback only)","Smoke and Shadow Part Three",""
"https://avatar.fandom.com/wiki/Niuan","","Niuan","Fire Nation Capital, Fire Nation","Fire Nation","70 (in 95 AG)[1]","25 AG","","","","","Man","","Sun Po","","","","Fire Sage","","","","Fire Nation (formerly)","Avatar Legends: The Roleplaying Game - Quickstart (only appearance)","",""
"https://avatar.fandom.com/wiki/Nishi","https://static.wikia.nocookie.net/avatar/images/f/f5/Nishi.png/revision/latest?cb=20200728112118","Nishi","Fire Nation colonies, Fire Nation","Fire Nation","","","","","Gray","","Woman","","Team Avatar","","","","Government official","","","","Fire Nation colonies","The Promise Part One (only appearance)","",""
"https://avatar.fandom.com/wiki/Ningka","https://static.wikia.nocookie.net/avatar/images/8/88/Ningka.png/revision/latest?cb=20230331063110","Ningka","Fire Nation","Fire Nation","","","","Amber[1]","Red","Light","Woman","","Crimson Sails Armada","Zuko","Fire","","Fire Warrior (formerly)Pirate","Captain of the Pyre Howler","","","Crimson Sails Armada","Smoke and Shadow Part Three","Smoke and Shadow Part Three",""
"https://avatar.fandom.com/wiki/Nerg%C3%BCi","","Nergüi","Fire Nation","Fire Nation","","","","","","","Man","","","","","","Assassin","","","","","Avatar Legends: The Roleplaying Game - Core Book (only appearance)","",""
"https://avatar.fandom.com/wiki/Naoki","https://static.wikia.nocookie.net/avatar/images/1/11/Mako_and_Bolin%27s_family_picture.png/revision/latest?cb=20201122131351","Naoki","Fire Nation","Fire Nation","","","160 AG","","Black","","Woman","San (husband; deceased)","","","","","","","","","Fire Nation","""The Earth Queen"" (photograph)","",""
"https://avatar.fandom.com/wiki/Mura","https://static.wikia.nocookie.net/avatar/images/2/24/Mura.png/revision/latest?cb=20130517091301","Mura","Fire Nation","Fire Nation","","","","","Gray","","Woman","","","","","","Business ownerFlorist","","","","","""Rebound""","Smoke and Shadow Part Three",""
"https://avatar.fandom.com/wiki/Mung","https://static.wikia.nocookie.net/avatar/images/5/57/Mung.png/revision/latest?cb=20140613143543","Mung","Fire Nation","Fire Nation","","","","","Black","","Man","","","Jang Hui","Fire","","Military official","","","","","""The Painted Lady"" (only appearance)","","Daniel Riordan"
"https://avatar.fandom.com/wiki/Mrs._Morishita","https://static.wikia.nocookie.net/avatar/images/e/ee/Morishita%27s_wife.png/revision/latest?cb=20200728131555","Mrs. Morishita","Yu Dao, Fire Nation colonies","Earth Kingdom","","","","","Brown","","Woman","Morishita (husband)","Zuko","","Earth","","","Fire Nation colonies","","","Yu Dao","The Promise Part One","",""
"https://avatar.fandom.com/wiki/Mosi","","Mosi","Fire Nation colonies","","","","","","","","Man","Sayako (husband)","","Ningka","","","PirateWorker (formerly)","","","","Crimson Sails Armada","Adventure Booklet: The Pirates of Crimson Sails (only appearance)","",""
"https://avatar.fandom.com/wiki/Morishita","https://static.wikia.nocookie.net/avatar/images/0/04/Morishita.png/revision/latest?cb=20200728034732","Morishita","Yu Dao, Fire Nation colonies","Fire Nation","","","","","Brown","","Man","His wife","Zuko","Earth King","Fire","","Government official","Yu Dao","","","Fire Nation","The Promise Part One","",""
"https://avatar.fandom.com/wiki/Mongke","https://static.wikia.nocookie.net/avatar/images/f/f9/Colonel_Mongke.png/revision/latest?cb=20140215111854","Mongke","Fire Nation","Fire Nation","","","","","Black","","Man","","Rough Rhinos","Team Avatar","Fire","","MercenarySoldier (formerly)","","","","Fire Nation military (formerly)","""Avatar Day""","","Malachi Throne"
"https://avatar.fandom.com/wiki/Mio","","Mio","Fire Nation Capital, Fire Nation","Fire Nation","","","","","","","Woman","","Fire Lord","","Fire","","","","","","","An Urgent Request (only appearance)","",""
"https://avatar.fandom.com/wiki/Ming-Ming%27s_grandmother","https://static.wikia.nocookie.net/avatar/images/5/50/Ming-Ming%27s_grandmother.png/revision/latest?cb=20200422214215","Ming-Ming's grandmother","Fire Nation","Fire Nation","","","","","White","","Woman","","Team Avatar","","","","","","","","","""Monster Slayer"" (only appearance)","",""
"https://avatar.fandom.com/wiki/Ming-Ming","https://static.wikia.nocookie.net/avatar/images/f/ff/Ming-Ming.png/revision/latest?cb=20200422214532","Ming-Ming","Fire Nation","Fire Nation","","","","","Brown","","Woman","","Sokka","","","","","","","","","""Monster Slayer"" (only appearance)","",""
"https://avatar.fandom.com/wiki/Ming","https://static.wikia.nocookie.net/avatar/images/a/a5/Ming.png/revision/latest?cb=20220324013206","Ming","Fire Nation Capital, Fire Nation","Fire Nation","","","","","Brown","","Woman","","Iroh","","","","Prison guard","","","","","""The Day of Black Sun, Part 1: The Invasion"" (only appearance)","","Serena Williams"
"https://avatar.fandom.com/wiki/Michi","https://static.wikia.nocookie.net/avatar/images/0/0b/Michi.png/revision/latest?cb=20130706134435","Michi","Fire Nation","Fire Nation","","","","","Black","","Woman","Ukano (husband, estranged)[1]","Mura","Yung","","","Florist[1]","","","","","""Return to Omashu""","","Grey DeLisle"
"https://avatar.fandom.com/wiki/Masaru","https://static.wikia.nocookie.net/avatar/images/a/a0/Masaru.png/revision/latest/scale-to-width-down/350?cb=20230519203555","Masaru","Fire Nation","Fire Nation","","","","","Black","Light","Man","","Fire Nation military","Earth Kingdom","Fire","","Military official","","","","","Avatar: Generations (only appearance)","",""
"https://avatar.fandom.com/wiki/Mamushi","https://static.wikia.nocookie.net/avatar/images/3/33/Mamushi.png/revision/latest?cb=20230517151234","Mamushi","Fire Nation","Fire Nation","","","","Amber gold","Brown","Light","Woman","","Fire Nation military","Team Avatar","Fire","","Military officer","","","","","Avatar: Generations (only appearance)","",""
"https://avatar.fandom.com/wiki/Malu","https://static.wikia.nocookie.net/avatar/images/6/65/Malu.png/revision/latest?cb=20140116094711","Malu","Fire Nation","Fire Nation","","","","","Black","","Man","","","","Fire","","Magician","","","","","""The Deserter"" (only appearance)","","Scott Menville"
"https://avatar.fandom.com/wiki/Mak","https://static.wikia.nocookie.net/avatar/images/c/cf/Mak.png/revision/latest?cb=20200814180906","Mak","Fire Nation","","","","","Gray[2]","Blackish brown[1][2]","Light","Man","","Fire Lord","Safe Nation Society","","","Military official","","","","Fire Nation","The Promise Part Two","Smoke and Shadow Part Three",""
"https://avatar.fandom.com/wiki/Mai","https://static.wikia.nocookie.net/avatar/images/4/40/Mai.png/revision/latest?cb=20090406114652","Mai","Fire Nation","Fire Nation","15 (in Avatar: The Last Airbender)[2]16 (in The Promise trilogy)[3]17 (in Smoke and Shadow trilogy)[4]","85 AG","","Tawny","Black","Light","Woman","Kei Lo (boyfriend; formerly)[5]Zuko (boyfriend; formerly)","Ty Lee","Azula","Knives and stilettos","","Flower shop assistant","17 (in Smoke and Shadow trilogy)[4]","","","Azula's team (formerly)","""Return to Omashu""","","Cricket Leigh"
"https://avatar.fandom.com/wiki/Lu_Ten","https://static.wikia.nocookie.net/avatar/images/d/d6/Lu_Ten.png/revision/latest?cb=20140504182009","Lu Ten","Fire Nation Capital, Fire Nation","Fire Nation","Early adult at death[nb 1]","","95 AG","","Black","Light","Man","","Fire Nation military","Earth Kingdom","","","Soldier","Fire Nation military","","","Fire Nation","""Bitter Work"" (flashback only)","","Mae Whitman (young Lu Ten)"
"https://avatar.fandom.com/wiki/Lowly_guard","https://static.wikia.nocookie.net/avatar/images/b/bb/Lowly_guard.png/revision/latest?cb=20130109000020","Lowly guard","Fire Nation","","","","","","Brown","","Man","","","Sokka","","","Prison guardGondola guard (formerly)","","","","","""The Boiling Rock, Part 2"" (only appearance)","",""
"https://avatar.fandom.com/wiki/Lohi","","Lohi","Ma'inka Island, Fire Nation","Fire Nation","","","","","","","Man","","","Dark spirits","","","Nobleman","","","","","""Legitimate Business""","",""
"https://avatar.fandom.com/wiki/Loban","https://static.wikia.nocookie.net/avatar/images/c/c0/Loban.png/revision/latest?cb=20140413192716","Loban","Fire Nation","Fire Nation","","","","","Brown (bald)","","Man","","Satoru","General Old Iron","","","","","","","Air Acolytes[1]","The Rift Part One","",""
"https://avatar.fandom.com/wiki/Lo_and_Li","https://static.wikia.nocookie.net/avatar/images/1/14/Lo_and_Li.png/revision/latest?cb=20130111101305","Lo and Li","Fire Nation","Fire Nation","","","","","White","","Women","","Zuko","","","","Firebending instructorsPolitical advisers","","","","Fire Nation","""The Avatar State""","","Takayo Fischer"
"https://avatar.fandom.com/wiki/Liva","","Liva","Fire Nation Capital, Fire Nation","Fire Nation","","","","","","","Woman","","","Sun Po","","","Merchant","","","","","Avatar Legends: The Roleplaying Game - Quickstart (only appearance)","",""
"https://avatar.fandom.com/wiki/Li","https://static.wikia.nocookie.net/avatar/images/2/28/Captain_Li.png/revision/latest?cb=20140119105634","Li","Fire Nation","Fire Nation","","","","","Gray","","Man","","Zhao","Northern Water Tribe","","","Military official","","","","","""The Waterbending Master"" (only appearance)","","Keone Young"
"https://avatar.fandom.com/wiki/Lei","","Lei","Fire Nation colonies","Fire Nation","","","","","","","Woman","Her husband","","","","","Diplomat","","","","","Avatar Legends: The Roleplaying Game - Core Book (only appearance)","",""
"https://avatar.fandom.com/wiki/Lee_(harbormaster)","","","Fire Nation","Fire Nation","""Ancient"" in The Dawn of Yangchen","","","","","","Man","","","","","","","","","","","""Breaking In"" (only appearance)","",""
"https://avatar.fandom.com/wiki/Kwan","https://static.wikia.nocookie.net/avatar/images/b/b0/Kwan.png/revision/latest?cb=20140602125758","Kwan","Fire Nation","","","","","","Brown","","Woman","","Headmaster","","","","History teacher","","","","","""The Headband"" (only appearance)","","Jeanne Sakata"
"https://avatar.fandom.com/wiki/Kuzon","https://static.wikia.nocookie.net/avatar/images/7/71/Kuzon.png/revision/latest?cb=20210619175849","Kuzon","Fire Nation","","","","","","Black","","Man","","","Dragon egg","Fire","","","","","","","""Dragon Days"" (flashback only) (only appearance)","",""
"https://avatar.fandom.com/wiki/Kunyo","https://static.wikia.nocookie.net/avatar/images/6/69/Kunyo.png/revision/latest?cb=20200729002636","Kunyo","Fire Nation Capital, Fire Nation","Fire Nation","","","","","Gray","","Man","","Zuko","Team Beifong","Fire","","Firebending instructor","","","","Fire Nation","The Promise Part Two (only appearance)","",""
"https://avatar.fandom.com/wiki/Koulin","","Koulin","Fire Nation","Fire Nation","","","","","","","Woman","","Huazo","Rangi","Fire","","Student (formerly)Soldier","","","","Fire Nation","""The Fire Sage""","",""
"https://avatar.fandom.com/wiki/Kori_Morishita","https://static.wikia.nocookie.net/avatar/images/8/85/Kori_Morishita.png/revision/latest?cb=20200810013322","Kori Morishita","Yu Dao, Fire Nation colonies","Fire Nation, Earth Kingdom","17 in The Promise trilogy[2]18 in The Search' and The Rift trilogies","84 AG","","","Brown","","Woman","Sneers (boyfriend)","Fire Lord","","Earth, spiked meteor hammer","","","Militia leader (formerly)","","","Fire Nation","The Promise Part One","",""
"https://avatar.fandom.com/wiki/Kiyi","https://static.wikia.nocookie.net/avatar/images/9/95/Kiyi.png/revision/latest?cb=20210317034341","Kiyi","Hira'a, Fire Nation","Fire Nation","","Between 95 and 100 AG[2]","","Brown","Brown","Light tan","Woman","","Team Avatar","Fire Warriors","Fire[3]","","","","","","Fire Nation","The Search Part Two","Smoke and Shadow Part Three",""
"https://avatar.fandom.com/wiki/Khuchtei","","Khuchtei","Fire Nation","Fire Nation","","","","","","","Woman","","Fire Lord","","Fire","","Minister","","","","","Adventure Booklet 2: Fire & Brimstone (only appearance)","",""
"https://avatar.fandom.com/wiki/Ketu_Harbor_captain","https://static.wikia.nocookie.net/avatar/images/0/0c/Ketu_Harbor_captain.png/revision/latest?cb=20230216213404","Ketu Harbor captain","Fire Nation","Fire Nation","","","","","","","Man","","Fire Nation military","Pirates","","","Soldier","","","","Fire Nation","Avatar: Generations (only appearance)","",""
"https://avatar.fandom.com/wiki/Kei_Lo","https://static.wikia.nocookie.net/avatar/images/1/13/Kei_Lo_waves.png/revision/latest?cb=20151124204503","Kei Lo","Fire Nation","Fire Nation","","","","Brown","Brown","","Man","Mai (girlfriend; formerly)","Zuko","Ukano","Dagger","","","","","","","""Rebound""","Smoke and Shadow Part Three",""
"https://avatar.fandom.com/wiki/Karu","https://static.wikia.nocookie.net/avatar/images/b/b7/Karu.png/revision/latest?cb=20131020004017","Karu","","Bhanti[2]","","","","","Gray","","Man","","Avatar","","","","Sage","","","","","""The Sting""","","Jim Cummings"
"https://avatar.fandom.com/wiki/Kangana","","Kangana","Fire Nation","Fire Nation","","","","","","","Woman","","","","","","Pirate","Weapons master","","","","Adventure Booklet: The Pirates of Crimson Sails (only appearance)","",""
"https://avatar.fandom.com/wiki/Kaja","https://static.wikia.nocookie.net/avatar/images/1/16/Kaja.png/revision/latest?cb=20130627155839","Kaja","Fire Nation","Fire Nation","","","","","Gray","","Man","","Roku","","Fire","","Fire Sage","","","","","Escape from the Spirit World (only appearance)","",""
"https://avatar.fandom.com/wiki/Kahchi","https://static.wikia.nocookie.net/avatar/images/7/77/Kahchi.png/revision/latest?cb=20140407160126","Kahchi","Fire Nation","","","","","","Brown","","Man","","Rough Rhinos","Team Avatar","Guan dao","","Soldier","","","","Fire Nation military (formerly)","""Avatar Day""","",""
"https://avatar.fandom.com/wiki/Juro","https://static.wikia.nocookie.net/avatar/images/3/32/Juro.png/revision/latest/scale-to-width-down/350?cb=20230712194636","Juro","Fire Nation","Fire Nation","","","","Gold","Brown","Light","Man","","Fire Nation military","Earth Kingdom","Fire","","JailerSoldier","","","","Fire Nation","Avatar: Generations (only appearance)","",""
"https://avatar.fandom.com/wiki/Junho","https://static.wikia.nocookie.net/avatar/images/a/a6/Junho.png/revision/latest?cb=20210617003928","Junho","Fire Nation","Fire Nation","","","","Brown","Brown","Tan","Man","","Rough Rhinos","Team Avatar","War hammer","","Soldier for hire","","","","","The Rift Part Two (only appearance)","",""
"https://avatar.fandom.com/wiki/Jujinta","","Jujinta","Fire Nation","Fire Nation","","","","","","","Man","","Avatar","Shang merchants","Bow, throwing knives","","Errand runner","","","","","""The Gamble""","",""
"https://avatar.fandom.com/wiki/Joonho","","Joonho","Fire Nation","Fire Nation","","","","","","","Man","","Kyoshi","","","","","","","","","""Second Chances""","",""
"https://avatar.fandom.com/wiki/Jojan","https://static.wikia.nocookie.net/avatar/images/a/af/Jojan.png/revision/latest?cb=20140507064902","Jojan","Fire Nation","Fire Nation","","","","","Black","","Man","","San","Suki","","","Hired help","","","","","""Shells"" (only appearance)","",""
"https://avatar.fandom.com/wiki/Jinzuk_and_Rina","https://static.wikia.nocookie.net/avatar/images/5/5e/Jinzuk_and_Rina.png/revision/latest?cb=20210530062157","Jinzuk and Rina","Hira'a, Fire Nation","Fire Nation","At least 92 at death (Rina)[nb 1]","","","","","","Man (Jinzuk)Woman (Rina)","Married to each other","Ursa","Ozai","","","Magistrate of Hira'a (Jinzuk)Master herbalist (Rina)","","","","","The Search Part One (flashback only) (only appearance)","",""
"https://avatar.fandom.com/wiki/Jeong_Jeong","https://static.wikia.nocookie.net/avatar/images/a/a7/Jeong_Jeong_serious.png/revision/latest?cb=20140116113256","Jeong Jeong","Fire Nation","Fire Nation","61[2]","39 AG","","","White","","Man","","Chey","Zhao","Fire","","Firebending instructorMilitary official (defected)","High-ranking member of the Order of the White Lotus","Unknown, eventually Rangi (as the Avatar's firebending master)","Zuko (as the Avatar's firebending master)","Fire Nation Navy (deserted)","""The Deserter""","","Keone Young"
"https://avatar.fandom.com/wiki/Jee","https://static.wikia.nocookie.net/avatar/images/e/eb/Jee.png/revision/latest?cb=20130714141540","Jee","Fire Nation","Fire Nation","","","","","Gray","Pale","Man","","Zuko","Earth Kingdom","Fire","","Soldier","","","","","""The Waterbending Scroll""","","Jim Meskimen"
"https://avatar.fandom.com/wiki/Jang_Hui_boy","https://static.wikia.nocookie.net/avatar/images/0/04/Little_boy.png/revision/latest?cb=20140613143543","Jang Hui boy","Jang Hui, Fire Nation","Fire Nation","","","","","Brown","","Man","","Painted Lady","General","","","Beggar","","","","","""The Painted Lady"" (only appearance)","","Will Shadley"
"https://avatar.fandom.com/wiki/Jailer","https://static.wikia.nocookie.net/avatar/images/3/3a/Jailer.png/revision/latest/scale-to-width-down/350?cb=20220220145157","Jailer","Fire Nation","","","","","","Brown","","Man","","Fire Nation","Lian","Fire, staff","","Jailer","","","","","Avatar: The Last Airbender (video game) (only appearance)","",""
"https://avatar.fandom.com/wiki/Izumi","https://static.wikia.nocookie.net/avatar/images/1/10/Izumi.png/revision/latest?cb=20150406235046","Izumi","Fire Nation Capital, Fire Nation","Fire Nation","","","","Gold","Gray (in older years)","Light","Woman","","Military of the Fire Nation","","","","","Military of the Fire Nation","Zuko (as Fire Lord)","","Fire Nation","""The Coronation""","","April Stewart"
"https://avatar.fandom.com/wiki/Iroh_(United_Forces_general)","https://static.wikia.nocookie.net/avatar/images/3/34/Iroh_%28United_Forces_general%29.png/revision/latest/scale-to-width-down/350?cb=20140421100233","","Fire Nation","Fire Nation","36 in Book One: Air[nb 1]37 in Book Two: Spirits40 in Book Four: Balance[3]","134 AG","","Amber","Black","Light tan","Man","","United Forces","Amon","Fire, lightning","","Military officerSailor","40 in Book Four: Balance[3]","","","Fire Nation Royal Family","""Turning the Tides""","","Dante Basco"
"https://avatar.fandom.com/wiki/Iroh","https://static.wikia.nocookie.net/avatar/images/c/c1/Iroh_smiling.png/revision/latest?cb=20130626131914","Iroh","Fire Nation Capital, Fire Nation","Fire Nation","","","","Amber","Gray (Brown in youth, white in the Spirit World)","Light","Man","Li-Mei","Team Avatar","Ozai","Fire","","Firebending instructorMilitary official (retired)Tea brewerTea shop owner","Tea brewer","Azulon (as Heir to the Fire Lord)","Zuko (as Heir to the Fire Lord)","Fire Nation","""The Boy in the Iceberg""","","Mako Iwamatsu (Book One: Water and Book Two: Earth)Greg Baldwin (Book Three: Fire and The Legend of Korra)"
"https://avatar.fandom.com/wiki/Huazo","","Huazo","Ma'inka Island, Fire Nation","Fire Nation","","","","","","","Woman","Chaeryu (ex-lover)","Koulin","Zoryu","","","Noblewoman","","","","Saowon clan","""The Fire Sage""","",""
"https://avatar.fandom.com/wiki/Hing","https://static.wikia.nocookie.net/avatar/images/7/72/Hing.png/revision/latest?cb=20200912141957","Hing","Fire Nation Capital, Fire Nation","Fire Nation","","","","Dark","Brown","Light","Man","","Safe Nation Society","Fire Nation","","","","","","","","Smoke and Shadow Part Three (only appearance)","Smoke and Shadow Part Three",""
"https://avatar.fandom.com/wiki/Hide","https://static.wikia.nocookie.net/avatar/images/9/96/Hide.png/revision/latest?cb=20140602093934","Hide","Fire Nation","","","","","","Brown","","Man","On Ji (unrequited)","Headmaster","Aang","Fire","","Student","","","","","""The Headband"" (only appearance)","","Matthew Underwood"
"https://avatar.fandom.com/wiki/Hei-Ran","https://static.wikia.nocookie.net/avatar/images/3/3c/Hei-Ran.png/revision/latest?cb=20230405232455","Hei-Ran","Fire Nation","Fire Nation","","","","Dark bronze","Pitch black (streaked with gray in her older years)","Porcelain-like","Woman","Kuruk (formerly, deceased)[3]Junsik (husband, deceased)","Kyoshi","Fifth Nation","Fire","","Firebending instructor to the Avatar (formerly)Headmistress of the Royal Fire Academy for Girls (formerly)Soldier (formerly)","Soldier (formerly)","","Rangi (as the Avatar's firebending master)","Kuruk's team (formerly)","""The Boy From Makapu""","",""
"https://avatar.fandom.com/wiki/Headmaster","https://static.wikia.nocookie.net/avatar/images/6/68/Headmaster.png/revision/latest?cb=20140602125536","Headmaster","Fire Nation","","","","","","Grey","Pale","Man","","Hide","Aang","","","HeadmasterDrill sergeant (formerly)","","","","Fire Army (formerly)","""The Headband"" (only appearance)","","Jim Ward"
"https://avatar.fandom.com/wiki/Hawky","https://static.wikia.nocookie.net/avatar/images/2/2f/Hawky.png/revision/latest?cb=20121120044332","Hawky","Fire Nation","","","","","","","Red","Male","","Team Avatar","Momo","Talons, beak","","","","","","","""The Runaway"" (only appearance)","",""
"https://avatar.fandom.com/wiki/Gyaku","https://static.wikia.nocookie.net/avatar/images/c/c1/Gyaku.png/revision/latest?cb=20230822104204","Gyaku","Fire Nation","Fire Nation","","","","Amber gold","Black","Light","Woman","","Fire Nation military","Pirates","Fire","","Military officer","","","","","Avatar: Generations (only appearance)","",""
"https://avatar.fandom.com/wiki/Guri","https://static.wikia.nocookie.net/avatar/images/5/53/Guri.png/revision/latest/scale-to-width-down/350?cb=20200203015321","Guri","Fire Nation","","4 in Smoke and Shadow trilogy","98 AG","","","Black","","Man","","Kiyi","Azula","","","","","","","","Smoke and Shadow Part Two","Smoke and Shadow Part Three",""
"https://avatar.fandom.com/wiki/Guard_captain","https://static.wikia.nocookie.net/avatar/images/e/ea/Guard_captain.png/revision/latest?cb=20140116105725","Guard captain","Fire Nation","","","","","","Brown","","Man","","","Team Avatar","","","Fire Nation soldier","","","","","""The Deserter"" (only appearance)","",""
"https://avatar.fandom.com/wiki/Green_dragon","https://static.wikia.nocookie.net/avatar/images/2/24/Dragon_mom.png/revision/latest/scale-to-width-down/350?cb=20130308171628","Green dragon","Fire Nation","","","","","","Gold","Green","Female","","Aang","","Fire, Claws, teeth","","","","","","","""Dragon Days"" (only appearance)","",""
"https://avatar.fandom.com/wiki/Great_Sage","https://static.wikia.nocookie.net/avatar/images/1/15/Great_Sage.png/revision/latest?cb=20130622212928","Great Sage","Crescent Island, Fire Nation","Fire Nation","","","","","White","","Man","","Fire Sages","Team Avatar","Fire","","Fire Sage","","","Shyu (as Great Sage)","Fire Nation","""Winter Solstice, Part 2: Avatar Roku"" (only appearance)","","Clement von Franckenstein"
"https://avatar.fandom.com/wiki/Goro","https://static.wikia.nocookie.net/avatar/images/e/e7/Goro.png/revision/latest/scale-to-width-down/350?cb=20230712193231","Goro","Fire Nation","Fire Nation","","","","Brown","Brown","Light","Man","","Fire Nation military","Earth Kingdom","Guan dao","","JailerSoldier","","","","Fire Nation","Avatar: Generations (only appearance)","",""
"https://avatar.fandom.com/wiki/Gonryu","","Gonryu","Fire Nation Capital, Fire Nation","Fire Nation","","","","","","","Man","","","Earth King","","","","","","Unknown, eventually Chaeryu (as Fire Lord)","Fire Nation","""A Meeting of Minds"" (mentioned only)","",""
"https://avatar.fandom.com/wiki/Gong","","Gong","Fire Nation Capital, Fire Nation","Fire Nation","Late 30's (by 95 AG)[1]","56 - 59 AG","","","","","Woman","Her husband","Xaipan","","","","Military official","","","","","Avatar Legends: The Roleplaying Game - Quickstart (only appearance)","",""
"https://avatar.fandom.com/wiki/Giya","https://static.wikia.nocookie.net/avatar/images/a/a9/Giya.png/revision/latest?cb=20150217202134","Giya","Fire Nation","Fire Nation","","","","","Black","","Woman","","Suki","","","","","","","","","""Shells"" (only appearance)","",""
"https://avatar.fandom.com/wiki/Gang_leader","https://static.wikia.nocookie.net/avatar/images/8/80/Cranefish_Town_gang_leader.png/revision/latest?cb=20200720123257","Gang leader","","Fire Nation","","","","Amber","Gray","Light","Man","","","earthbender","Fire","","Criminal","","","","","Imbalance Part One (only appearance)","",""
"https://avatar.fandom.com/wiki/Flint_and_Ember","","Flint and Ember","Yu Dao, Fire Nation colonies","Earth Kingdom, Fire Nation","Teenager (Flint, in c. 102 AG)Child (Ember, in c. 102 AG)","","","","","","Men","","","","Earth (Flint)Fire (Ember)","(Flint)","","","","","","Adventure Booklet 4: Air & Wind (only appearance)","",""
"https://avatar.fandom.com/wiki/Fire_Navy_officer","https://static.wikia.nocookie.net/avatar/images/8/8a/Fire_Navy_officer.png/revision/latest?cb=20140519094412","Fire Navy officer","Fire Nation","","","","","Dark brown","Black","","Man","","Admiral","Team Avatar","Fire","","Soldier","","","","","""The Awakening"" (only appearance)","",""
"https://avatar.fandom.com/wiki/Fire_Nation_train_engineer","https://static.wikia.nocookie.net/avatar/images/c/ca/Train_engineer.png/revision/latest?cb=20200422170907","Fire Nation train engineer","Fire Nation","","","","","","Dark brown","","Man","","Aang","Combustion Man","","","Fire Nation train engineer","","","","Fire Nation","""Combustion Man on a Train"" (only appearance)","",""
"https://avatar.fandom.com/wiki/Fire_Nation_train_conductor","https://static.wikia.nocookie.net/avatar/images/c/cb/Fire_Nation_train_conductor.png/revision/latest?cb=20200422164650","Fire Nation train conductor","Fire Nation","","","","","","Dark brown","","Man","","Aang","Combustion Man","","","Fire Nation train conductor","","","","Fire Nation","""Combustion Man on a Train"" (only appearance)","",""
"https://avatar.fandom.com/wiki/Fire_Nation_music_teacher","https://static.wikia.nocookie.net/avatar/images/4/45/Music_teacher.png/revision/latest?cb=20140602125803","Fire Nation music teacher","Fire Nation","","","","","","Dark gray","","Man","","headmaster","","","","Music teacher","","","","","""The Headband"" (only appearance)","","Phil Proctor"
"https://avatar.fandom.com/wiki/Fire_Nation_drill_sergeant","https://static.wikia.nocookie.net/avatar/images/5/55/Fire_Nation_drill_sergeant.png/revision/latest?cb=20200422212048","Fire Nation drill sergeant","Fire Nation","","","","","","Brown","","Man","","Sokka","Earth Kingdom","","","","","","","","""Private Fire"" (only appearance)","",""
"https://avatar.fandom.com/wiki/Fire_Nation_councilwoman","https://static.wikia.nocookie.net/avatar/images/f/f9/Fire_Nation_councilwoman.png/revision/latest?cb=20121110144847","Fire Nation councilwoman","Republic City, United Republic","Fire Nation","","","","","Gray","","Woman","Her husband","Tenzin","Amon","Fire","","Councilwoman (formerly)","","","","Fire Nation","""The Voice in the Night""","","Mindy Sterling"
"https://avatar.fandom.com/wiki/Fire_Nation_bar_patron%27s_friend","https://static.wikia.nocookie.net/avatar/images/4/40/Fire_Nation_bar_patron%27s_friend.png/revision/latest?cb=20200422155713","Fire Nation bar patron's friend","Fire Nation","","","","","","Dark brown","","Man","","Fire Nation bar patron","Katara","","","","","","","","""Boys' Day Out"" (only appearance)","",""
"https://avatar.fandom.com/wiki/Fire_Nation_bar_patron","https://static.wikia.nocookie.net/avatar/images/d/d4/Fire_Nation_bar_patron.png/revision/latest?cb=20200422162735","Fire Nation bar patron","Fire Nation","","","","","","Dark brown","","Man","","His friend","Katara","","","","","","","","""Boys' Day Out"" (only appearance)","",""
"https://avatar.fandom.com/wiki/Fire_Nation_airship_captain","https://static.wikia.nocookie.net/avatar/images/1/10/Airship_captain.png/revision/latest?cb=20130121145050","Fire Nation airship captain","Fire Nation","","","","","","","","Man","","Qin Lee","Sokka","Fire","","","","","","","""Sozin's Comet, Part 3: Into the Inferno"" (only appearance)","",""
"https://avatar.fandom.com/wiki/Female_prison_guard","https://static.wikia.nocookie.net/avatar/images/0/00/Female_prison_guard.png/revision/latest?cb=20201210135313","Female prison guard","Fire Nation","Fire Nation","","","","","Brown","","Woman","","","","","","Prison guard","","","","Fire Nation","""The Boiling Rock, Part 1""","","Courtenay Taylor"
"https://avatar.fandom.com/wiki/Fat","https://static.wikia.nocookie.net/avatar/images/2/2e/Fat.png/revision/latest?cb=20140905232010","Fat","Shu Jing, Fire Nation","Fire Nation","","","","","Gray","","Man","","Piandao","","Sword","","Butler, swordsmanship training assistant","","","","","""Sokka's Master"" (only appearance)","","Chris Butler"
"https://avatar.fandom.com/wiki/Fang","https://static.wikia.nocookie.net/avatar/images/c/c3/Fang.png/revision/latest?cb=20121217082142","Fang","Fire Nation","","","","12 BG","","","Red (blue as a spirit)","","","Roku","Sozin","Fire, claws, teeth","","","","Kyoshi's fox (as previous animal guide of the Avatar)[2]","Appa (as next animal guide of the Avatar)","","""Winter Solstice, Part 1: The Spirit World"" (as a spirit)","",""
"https://avatar.fandom.com/wiki/Fai_Lan","","Fai Lan","Fire Nation Capital, Fire Nation","Fire Nation","","","","","","","Man","","Burning Ember Gang","","","","Criminal","","","","","Avatar Legends: The Roleplaying Game - Quickstart (only appearance)","",""
"https://avatar.fandom.com/wiki/Ezra","https://static.wikia.nocookie.net/avatar/images/e/e0/Ezra.png/revision/latest/scale-to-width-down/350?cb=20230512225852","Ezra","Fire Nation Capital, Fire Nation","Fire Nation","","","","Gold","Dark brown","Tan","Man","","Rioshon","Zianda","Fire","","","","","","","An Urgent Request (only appearance)","",""
"https://avatar.fandom.com/wiki/Erdene","","Erdene","","Bhanti","","","","","","","Woman","","Thi","","Air","","","","","","","Movers & Shakers (only appearance)","",""
"https://avatar.fandom.com/wiki/Enaka","","Enaka","","","","","","","","","Woman","","","","Fire","","Guard","","","","","Adventure Booklet 2: Fire & Brimstone (only appearance)","",""
"https://avatar.fandom.com/wiki/Ember_Island_Players","https://static.wikia.nocookie.net/avatar/images/1/16/Ember_Island_Players.png/revision/latest?cb=20130722113209","Ember Island Players","","","","","","","","","","","","","","","","","","","","""The Ember Island Players""","",""
"https://avatar.fandom.com/wiki/Elua","https://static.wikia.nocookie.net/avatar/images/9/9a/Elua.png/revision/latest/scale-to-width-down/350?cb=20210531231915","Elua","Fire Nation","Fire Nation","","","","","","","Woman","","Ozai","","","","","","","","Fire Nation","The Search Part One (flashback only) (only appearance)","",""
"https://avatar.fandom.com/wiki/Duga","","Duga","Fire Nation","Fire Nation","","","","","","","Man","","","","Fire","","Pirate","","","","Crimson Sails Armada","Adventure Booklet: The Pirates of Crimson Sails (only appearance)","",""
"https://avatar.fandom.com/wiki/Druk","https://static.wikia.nocookie.net/avatar/images/e/ec/Druk.png/revision/latest/scale-to-width-down/350?cb=20140730151855","Druk","Fire Nation","","","","","","","Red","Male[1]","","Zuko","Red Lotus","Claws, teeth, fire","","","","","","","""Rebirth""","",""
"https://avatar.fandom.com/wiki/Dock/Xu/Bushi","https://static.wikia.nocookie.net/avatar/images/d/de/Xu.png/revision/latest?cb=20140613143539","Dock/Xu/Bushi","Jang Hui, Fire Nation","Fire Nation","","","","","White","","Man","","Team Avatar","General","","","Ferryman, shopkeeper, river cleaner","","","","","""The Painted Lady"" (only appearance)","","Paul Eiding"
"https://avatar.fandom.com/wiki/Ding","https://static.wikia.nocookie.net/avatar/images/e/ef/Ding.png/revision/latest?cb=20140903132916","Ding","Hama's village, Fire Nation","Fire Nation","67[2]","33 AG","","","Gray","","Man","","","Hama","","","Retired","","","","","""The Puppetmaster"" (only appearance)","","Stu Levin"
"https://avatar.fandom.com/wiki/Dealer","https://static.wikia.nocookie.net/avatar/images/c/c5/Dealer.png/revision/latest?cb=20130122105706","Dealer","Fire Fountain City, Fire Nation","Fire Nation","","","","","Black","","Man","","","Toph Beifong","","","Con man","","","","","""The Runaway"" (only appearance)","","Joe Alaskey"
"https://avatar.fandom.com/wiki/Dalja_Ro","","Dalja Ro","Fire Nation","Fire Nation","","","","","","","Non-binary","","","","","","Military official","Fire Nation Relief Fleet","","","Fire Nation","Avatar Legends: The Roleplaying Game - Core Book (only appearance)","",""
"https://avatar.fandom.com/wiki/Dairin","","Dairin","Fire Nation","Fire Nation","","","295 BG","","","","Man","","Zoryu","Yun","","","Minister","","","Caoli (as chancellor)[1]","Fire Nation","""Cultural Diplomacy""","",""
"https://avatar.fandom.com/wiki/Combustion_Man","https://static.wikia.nocookie.net/avatar/images/f/fc/Combustion_Man.png/revision/latest?cb=20140908141111","Combustion Man","Fire Nation","","","","100 AG","Dark","Black (shaved)","Light","Man","","raven eagle","Team Avatar","Fire","","Assassin","","","","","""The Headband""","","Greg Baldwin"
"https://avatar.fandom.com/wiki/Circus_trainer","https://static.wikia.nocookie.net/avatar/images/b/bd/Circus_trainer.png/revision/latest?cb=20130705125545","Circus trainer","Fire Nation","","","","","","Black","","Man","","Shuzumu","Appa","Fire","","Animal tamer","","","","","""Appa's Lost Days"" (only appearance)","","Dwight Schultz"
"https://avatar.fandom.com/wiki/Chit_Sang%27s_girlfriend","https://static.wikia.nocookie.net/avatar/images/6/60/Chit_Sang%27s_girlfriend.png/revision/latest?cb=20121120131842","Chit Sang's girlfriend","Fire Nation","Fire Nation","","","","","Black","","Woman","Chit Sang (boyfriend)","Sokka","The warden","","","","","","","","""The Boiling Rock, Part 1"" (only appearance)","",""
"https://avatar.fandom.com/wiki/Chit_Sang%27s_friend","https://static.wikia.nocookie.net/avatar/images/6/6e/Chit_Sang%27s_friend.png/revision/latest?cb=20121120131829","Chit Sang's friend","Fire Nation","Fire Nation","","","","","Black","","Man","","Sokka","The warden","","","","","","","","""The Boiling Rock, Part 1"" (only appearance)","",""
"https://avatar.fandom.com/wiki/Chit_Sang","https://static.wikia.nocookie.net/avatar/images/8/81/Chit_Sang.png/revision/latest?cb=20121021000707","Chit Sang","Fire Nation","Fire Nation","Mid-30s[2]","","","Pale green","Black","","Man","His girlfriend","Team Avatar","Azula","Fire","","","","","","","""The Boiling Rock, Part 1""","","Ezekial Rollins"
"https://avatar.fandom.com/wiki/Chey","https://static.wikia.nocookie.net/avatar/images/8/8d/Chey.png/revision/latest?cb=20140116103519","Chey","Fire Nation","Fire Nation","30[2]","70 AG","","","Brown","","Man","","Jeong Jeong","","Explosives","","Captain (defected)","","","","","""The Deserter"" (only appearance)","","John Kassir"
"https://avatar.fandom.com/wiki/Chan_(Fire_Nation_admiral)","","","Fire Nation","Fire Nation","","","","","","","Man","","Ozai","Earth Kingdom","","","Military official","","","","","""The Awakening"" (mentioned only)","",""
"https://avatar.fandom.com/wiki/Chan","https://static.wikia.nocookie.net/avatar/images/9/9d/Chan.png/revision/latest?cb=20140908141053","Chan","Ember Island, Fire Nation","Fire Nation","","","","","Brown","","Man","Azula (romantic interest; formerly)","Admiral Chan","Zuko","","","","","","","","""The Beach"" (only appearance)","","Erik von Detten"
"https://avatar.fandom.com/wiki/Chaisee","","Chaisee","South Mo Ce Sea island, Fire Nation territory","Unknown","c. 30 in The Dawn of Yangchen","","","Hazel[2]","","","Woman","","Shang merchants","Avatar","","","Shang merchant","","","","","""A Meeting of Minds""","",""
"https://avatar.fandom.com/wiki/Chaeryu","","Chaeryu","Fire Nation Capital, Fire Nation","Fire Nation","","","","","","","Man","Huazo (former mistress)Sulan (wife; deceased)Several other lovers","","","","","","Several other lovers","","Zoryu (as Fire Lord)","Fire Nation","""Cultural Diplomacy"" (mentioned only)","",""
"https://avatar.fandom.com/wiki/Chaejin","","Chaejin","Fire Nation Capital, Fire Nation","Fire Nation","","","","","","","Man","","Saowon clan","Keohso clan","","","","Fire Sages","","","Fire Nation","""The Headmistress""","",""
"https://avatar.fandom.com/wiki/Caoli","","Caoli","Fire Nation","Fire Nation","","","","","","","","","Zoryu","","","","Minister","Student (formerly)","","","","Epilogue (only appearance)","",""
"https://avatar.fandom.com/wiki/Bully_guard","https://static.wikia.nocookie.net/avatar/images/0/02/Bully_guard.png/revision/latest?cb=20120702232626","Bully guard","Fire Nation","Fire Nation","","","","","Black","","Man","","Azula","Sokka","Fire","","Prison guardGondola guard (formerly)[2]","","","","","""The Boiling Rock, Part 1""","","Roger Rose"
"https://avatar.fandom.com/wiki/Bujing","https://static.wikia.nocookie.net/avatar/images/7/76/Bujing.png/revision/latest?cb=20130714152817","Bujing","Fire Nation","","","","","","Gray","","Man","","Ozai","Zuko","Fire","","Military official","","","","","""The Storm"" (flashback only)","","Daniel Riordan"
"https://avatar.fandom.com/wiki/Bin","https://static.wikia.nocookie.net/avatar/images/f/ff/Bin.png/revision/latest?cb=20230301214054","Bin","Fire Nation","Fire Nation","","","","Amber","Black","Light","Man","","","","Fire","","","","","","","Avatar Legends: The Roleplaying Game Core Book","",""
"https://avatar.fandom.com/wiki/Banished_servant","https://static.wikia.nocookie.net/avatar/images/4/48/Banished_servant.png/revision/latest?cb=20120222022610","Banished servant","Fire Nation","Fire Nation","","","","Brown","Brown","Light","Woman","","","Azula","","","","","","","Fire Nation Royal Family (formerly)","""Sozin's Comet, Part 3: Into the Inferno"" (only appearance)","","Grey DeLisle"
"https://avatar.fandom.com/wiki/Bai","","Bai","Fire Nation Capital, Fire Nation","Fire Nation","","","","","","","Man","","Fire Sages","Water Tribes","Fire","","Fire Sage","","","","Fire Nation","Avatar Legends: The Roleplaying Game - Quickstart (only appearance)","",""
"https://avatar.fandom.com/wiki/Azulon","https://static.wikia.nocookie.net/avatar/images/1/1e/Azulon.png/revision/latest?cb=20140331143003","Azulon","Fire Nation Capital, Fire Nation","Fire Nation","95 at death[2]","0 AG","95 AG","","Gray (brown in youth)","","Man","Ilah (wife; deceased)","Iroh","Zuko","Fire","","","Fire Lord","Sozin (as Fire Lord)","Ozai (as Fire Lord)","Fire Nation","""Zuko Alone"" (flashback only)","","Walker Edmiston"
"https://avatar.fandom.com/wiki/Azula%27s_ship_captain","https://static.wikia.nocookie.net/avatar/images/b/bc/Azula%27s_ship_captain.png/revision/latest?cb=20130625131841","Azula's ship captain","Fire Nation","Fire Nation","","","","Gold","Brown","Light","Man","","Azula","Iroh","Fire","","","","","","","""The Avatar State"" (only appearance)","","Robin Atkin Downes"
"https://avatar.fandom.com/wiki/Azula_(games)","https://static.wikia.nocookie.net/avatar/images/a/ad/Azula_%28games%29.png/revision/latest?cb=20131228015042","","Fire Nation","","14","","","","Black","","Woman","","Fire Nation","Water Tribes","Fire","","","","","","","Avatar: The Last Airbender – The Burning Earth","","Grey DeLisle"
"https://avatar.fandom.com/wiki/Azula","https://static.wikia.nocookie.net/avatar/images/1/12/Azula.png/revision/latest?cb=20140905084941","Azula","Fire Nation Capital, Fire Nation","Fire Nation","14 in Avatar: The Last Airbender[2]15-16 in The Promise trilogy[3]16-17 in The Search trilogy[4]","85 AG","","Amber gold","Black","Light","Woman","Chan (love interest; formerly)","Fire Warriors","Iroh","Fire, lightning","","","16-17 in The Search trilogy[4]","Kuei (as Earth Monarch)Long Feng (as Head of the Dai Li)Zuko (as Heir to the Fire Lord)","Dai Li representative (as Head of the Dai Li)Ozai (as ruler of the Earth Kingdom)Izumi (as Heir to the Fire Lord)","Azula's team (formerly)","""The Storm"" (flashback only)","","Grey DeLisle"
"https://avatar.fandom.com/wiki/Anada","","Anada","Air Nomads","Fire Nation","","","","","","","Woman","","","","","","EngineerNun","","","","","Avatar Legends: The Roleplaying Game - Core Book (only appearance)","",""
